h1,h2,h3,h4,h5,h6,img_filename
0.22671033442020416,0.1231321394443512,-0.5386855602264404,-0.061709340661764145,-0.5140619874000549,0.363591730594635,heart_679.png
0.4574950337409973,-0.12235376238822937,-0.1922149956226349,0.15400683879852295,-0.6099556684494019,0.3823809027671814,heart_331.png
0.5231205821037292,0.24393561482429504,-0.1813880205154419,0.0737217590212822,-0.09713315963745117,0.44339442253112793,heart_214.png
0.5193771719932556,-0.1255294382572174,-0.44994547963142395,0.15373781323432922,-0.47741103172302246,0.32757559418678284,heart_326.png
0.4319336414337158,0.009335221722722054,-0.5202111601829529,0.34865790605545044,-0.06033061072230339,0.3188587427139282,heart_481.png
0.6121534705162048,0.15706929564476013,-0.7035346627235413,0.10926760733127594,-0.23639066517353058,0.03832535818219185,heart_395.png
0.6118762493133545,0.19134590029716492,-0.6354265213012695,0.07812624424695969,0.12199711799621582,0.2961086928844452,heart_697.png
0.7753809690475464,0.46142399311065674,-0.4220917820930481,0.15483994781970978,-0.16451352834701538,-0.03566121682524681,heart_567.png
0.5203883647918701,0.35269448161125183,-0.3925110697746277,0.050115086138248444,-0.1098967045545578,0.3243770897388458,heart_721.png
0.414983332157135,-0.009265795350074768,-0.5724717378616333,0.12107977271080017,-0.49770474433898926,0.3729650676250458,heart_1022.png
0.7785922884941101,0.13139532506465912,-0.7997960448265076,-0.11338001489639282,-0.28851401805877686,0.0024344967678189278,heart_181.png
0.5300987958908081,0.03369669243693352,-0.5076025724411011,0.07949167490005493,-0.2631559371948242,0.2694847285747528,heart_600.png
0.38186532258987427,0.41976141929626465,-0.2667160630226135,0.2735196053981781,0.12213017046451569,0.33038023114204407,heart_903.png
0.3507203161716461,0.0425838939845562,-0.6024162769317627,-0.3372604250907898,-0.4945639967918396,0.4338315725326538,heart_658.png
0.3688479959964752,0.11349226534366608,-0.6557623744010925,-0.1937631517648697,-0.5674362778663635,0.44417452812194824,heart_1008.png
0.5052670240402222,0.11637242138385773,-0.021250061690807343,0.11316607892513275,-0.21784673631191254,0.4046681225299835,heart_960.png
0.3870050013065338,0.056706711649894714,-0.39978381991386414,0.3779284656047821,-0.5186572670936584,0.3225129246711731,heart_831.png
0.661754846572876,0.15598173439502716,-0.42418450117111206,-0.19695661962032318,-0.03563595190644264,0.40625783801078796,heart_819.png
0.5910736918449402,-0.10720419883728027,-0.5153199434280396,0.15240143239498138,-0.281881719827652,0.44763582944869995,heart_1089.png
0.6397864818572998,0.05945722386240959,-0.19917035102844238,0.12006701529026031,-0.5825893878936768,0.23178119957447052,heart_235.png
0.5130734443664551,-0.16127772629261017,-0.24016180634498596,0.10569292306900024,-0.7828536033630371,0.4312582015991211,heart_889.png
0.9083613157272339,0.10311654210090637,-0.4850775897502899,0.29098671674728394,0.07204663753509521,-0.01183695625513792,heart_850.png
0.3604314625263214,0.2247467339038849,-0.4088543951511383,-0.01647113636136055,-0.4374121427536011,0.31137654185295105,heart_347.png
0.4186458885669708,0.2318488359451294,-0.6226065754890442,0.31593167781829834,-0.1313427835702896,0.2289895862340927,heart_190.png
0.5885169506072998,0.3698067367076874,-0.5678606033325195,0.2611328363418579,-0.06958901882171631,0.05783425644040108,heart_849.png
0.8392786979675293,0.09552329778671265,-0.2774271070957184,0.20590251684188843,0.21762703359127045,0.09390320628881454,heart_1064.png
0.6450117826461792,-0.019209858030080795,-0.8014366626739502,0.05373354256153107,-0.13051170110702515,0.02609250321984291,heart_352.png
0.4242347478866577,0.10319873690605164,-0.45259222388267517,-0.16822078824043274,-0.3700432777404785,0.40026432275772095,heart_1165.png
0.8275988698005676,0.15648287534713745,-0.6140025854110718,0.40139758586883545,0.04271959513425827,-0.07640083134174347,heart_590.png
0.5751808881759644,0.009433027356863022,-0.5376286506652832,0.056644830852746964,-0.28171539306640625,0.12484007328748703,heart_1054.png
0.2681555449962616,0.4442233443260193,-0.701453447341919,0.4526694118976593,-0.19752195477485657,0.023944944143295288,heart_424.png
0.6964432001113892,0.0031736306846141815,-0.27602195739746094,0.012617077678442001,-0.30553847551345825,0.3300921618938446,heart_884.png
0.5112084150314331,0.08528110384941101,-0.5608490109443665,0.0013735629618167877,-0.204230397939682,0.33566543459892273,heart_932.png
0.38676685094833374,0.1198386400938034,-0.4565473794937134,-0.227382093667984,-0.4237528145313263,0.33272650837898254,heart_856.png
0.7703574299812317,0.1961117833852768,-0.3995700478553772,0.21309109032154083,-0.06277287006378174,0.16299934685230255,heart_1181.png
0.5596523880958557,0.08738760650157928,-0.4433957636356354,0.018501553684473038,0.09095294773578644,0.2347806692123413,heart_1186.png
0.3230549097061157,0.17008978128433228,-0.4500748813152313,-0.19357898831367493,-0.47597432136535645,0.45219168066978455,heart_1188.png
0.5623074769973755,0.051130834966897964,-0.2730213701725006,-0.07580551505088806,-0.31236720085144043,0.33036404848098755,heart_84.png
0.43482476472854614,-0.08110654354095459,-0.45510318875312805,0.17796121537685394,-0.20395636558532715,0.43459364771842957,heart_1070.png
0.428331583738327,0.056108508259058,-0.561564564704895,-0.18107980489730835,-0.34897708892822266,0.4031018912792206,heart_72.png
0.35261502861976624,0.3789801299571991,-0.5476787090301514,0.043963927775621414,-0.5332646369934082,0.22981058061122894,heart_10.png
0.4929552972316742,0.16360919177532196,-0.7194911241531372,-0.23362043499946594,-0.25526851415634155,0.3628002405166626,heart_260.png
0.5606611371040344,0.11331735551357269,-0.4567522406578064,-0.20802432298660278,-0.07636198401451111,0.2830192744731903,heart_258.png
0.5344134569168091,-0.050433944910764694,-0.5052060484886169,0.15605369210243225,-0.26078373193740845,0.3911437690258026,heart_160.png
0.5972445011138916,-0.16127809882164001,-0.32731732726097107,-0.04004938527941704,-0.15190526843070984,0.3595692813396454,heart_42.png
0.6459755301475525,-0.06908026337623596,0.08908411115407944,0.012033242732286453,-0.06711068749427795,0.4628678858280182,heart_757.png
0.6533279418945312,-0.05596273019909859,-0.4395228922367096,-0.061450351029634476,-0.32888638973236084,0.3750363290309906,heart_712.png
0.3687186539173126,0.20703530311584473,-0.3522827625274658,-0.1670071929693222,-0.3696805238723755,0.4194110631942749,heart_1097.png
0.4588761031627655,0.01833190582692623,-0.3107769787311554,-0.018301691859960556,-0.45792749524116516,0.47078290581703186,heart_298.png
0.5207165479660034,0.1860322803258896,-0.5207176804542542,0.39733803272247314,-0.010801110416650772,0.1535683572292328,heart_808.png
0.5073312520980835,0.0905238687992096,-0.2883610427379608,-0.054339420050382614,-0.6755873560905457,0.25707489252090454,heart_1141.png
0.3856726586818695,0.11181055009365082,-0.47556546330451965,-0.040956731885671616,-0.20942535996437073,0.4499741196632385,heart_931.png
0.46170157194137573,0.08415956795215607,-0.33607321977615356,0.14980927109718323,-0.033201124519109726,0.45075175166130066,heart_1010.png
0.6999226808547974,0.4047149419784546,-0.6498076915740967,0.2228141874074936,-0.13253764808177948,0.08890927582979202,heart_138.png
0.36984771490097046,-0.10994504392147064,-0.4180428683757782,-0.24280619621276855,-0.6665307283401489,0.37678685784339905,heart_1026.png
0.3481238782405853,0.2582598924636841,-0.6955971717834473,0.171890527009964,-0.08658845722675323,0.1923464983701706,heart_972.png
0.5558153390884399,-0.03429548814892769,-0.46050819754600525,-0.13118062913417816,-0.5594097971916199,0.3182736933231354,heart_404.png
0.2868330478668213,0.3120856285095215,-0.5366554260253906,-0.0409311018884182,-0.36685314774513245,0.3484058678150177,heart_186.png
0.7163159847259521,-0.08715428411960602,-0.6378491520881653,0.2894296944141388,0.11156411468982697,0.20416714251041412,heart_289.png
0.3486294150352478,0.0317777656018734,-0.5931581258773804,0.03402862325310707,-0.405800998210907,0.34566712379455566,heart_470.png
0.6238812804222107,-0.014194373041391373,-0.5451316237449646,0.028120703995227814,-0.2861556112766266,0.2101277858018875,heart_1169.png
0.3404358923435211,0.13268637657165527,-0.6901738047599792,-0.039960723370313644,-0.2978115677833557,0.4014507234096527,heart_9.png
0.49742719531059265,0.055917128920555115,0.15644609928131104,0.20670312643051147,-0.1816755086183548,0.40431568026542664,heart_832.png
0.8287017345428467,0.2675885558128357,-0.3693873882293701,0.30901437997817993,0.3933350145816803,0.07716377824544907,heart_1177.png
0.4854685366153717,-0.06692114472389221,-0.47368839383125305,-0.02660154178738594,-0.3643260598182678,0.310394823551178,heart_668.png
0.34841153025627136,0.28566718101501465,-0.8487654328346252,-0.01444866880774498,-0.11143088340759277,0.21834781765937805,heart_664.png
0.39040011167526245,0.024960879236459732,-0.4748607277870178,-0.0785788744688034,-0.5971033573150635,0.4292147755622864,heart_965.png
0.5859867334365845,0.3532566726207733,-0.2444072961807251,-0.28997647762298584,-0.04536062851548195,0.30032607913017273,heart_733.png
0.8046216368675232,0.057827968150377274,-0.5179821848869324,-0.1422823965549469,0.02936851978302002,0.26395437121391296,heart_816.png
0.2718365490436554,0.2632792890071869,-0.44291821122169495,-0.10518547892570496,-0.4882239103317261,0.46243569254875183,heart_276.png
0.3202531635761261,-0.09300625324249268,-0.31005409359931946,0.0376497283577919,-0.5856859087944031,0.4578861594200134,heart_943.png
0.5828480124473572,0.12318776547908783,-0.6420546770095825,-0.307597815990448,-0.17838294804096222,0.40128758549690247,heart_855.png
0.8065820336341858,0.2983429431915283,-0.6043652892112732,0.1421860307455063,0.1632665991783142,-0.17281752824783325,heart_993.png
0.5520507097244263,0.176832914352417,-0.32009756565093994,-0.22354066371917725,-0.39516204595565796,0.24170486629009247,heart_633.png
0.5913518071174622,0.25155240297317505,-0.5981225967407227,-0.052572306245565414,-0.5678046345710754,-0.023526888340711594,heart_649.png
0.6394854784011841,0.17900089919567108,-0.5136227011680603,-0.033713992685079575,0.002770107239484787,0.2372014969587326,heart_1109.png
0.4220070540904999,-0.029140722006559372,-0.4544799029827118,0.01068500429391861,-0.49981415271759033,0.34640198945999146,heart_1006.png
0.24464412033557892,0.07020130753517151,-0.3974478840827942,-0.09078571200370789,-0.7357900142669678,0.40392032265663147,heart_1193.png
0.2825623154640198,0.043809257447719574,-0.4533080756664276,-0.18428607285022736,-0.5984813570976257,0.5118216276168823,heart_1159.png
0.7343029975891113,0.15639305114746094,-0.5511471629142761,0.11341440677642822,-0.3163760006427765,0.10209660977125168,heart_266.png
0.8129000067710876,0.2948463559150696,-0.47469362616539,0.3012799024581909,-0.1713305562734604,-0.2072359025478363,heart_1156.png
0.7411199808120728,0.47443386912345886,-0.36708807945251465,0.20027723908424377,-0.18634429574012756,0.024849724024534225,heart_905.png
0.6306056380271912,0.005231752991676331,-0.28639107942581177,-0.027410831302404404,-0.32257217168807983,0.2371961623430252,heart_586.png
0.6124145984649658,0.01797037199139595,-0.5426567792892456,0.14726495742797852,-0.6061484813690186,0.32028040289878845,heart_703.png
0.5699438452720642,-0.04368488863110542,-0.42789986729621887,0.01071678102016449,-0.11903059482574463,0.22484688460826874,heart_201.png
0.550134539604187,0.1388140320777893,-0.29485270380973816,-0.04135778173804283,-0.35223138332366943,0.1969737559556961,heart_530.png
0.45618900656700134,0.14752542972564697,-0.15603679418563843,0.013394340872764587,-0.24727074801921844,0.33143672347068787,heart_1020.png
0.4519706964492798,-0.11789000034332275,-0.6711380481719971,-0.06543087959289551,-0.4302365183830261,0.2605164051055908,heart_613.png
0.330843448638916,0.04320482909679413,-0.5007059574127197,0.0032629109919071198,-0.3208698630332947,0.5561195015907288,heart_2.png
0.37179622054100037,-0.07301940023899078,-0.29994210600852966,0.009857211261987686,-0.4912673234939575,0.4870946705341339,heart_1003.png
0.432334303855896,0.05965215340256691,-0.6082130670547485,-0.2099614143371582,-0.22664259374141693,0.3387845754623413,heart_67.png
0.8978683948516846,-0.07928724586963654,-0.013431452214717865,-0.2675767242908478,-0.13935770094394684,0.08662739396095276,heart_598.png
0.31807243824005127,0.027551919221878052,-0.3947054445743561,0.12409666180610657,-0.4779617190361023,0.4694197177886963,heart_215.png
0.6884357333183289,0.2755155861377716,-0.41130393743515015,-0.15958820283412933,-0.2391798347234726,0.083900585770607,heart_622.png
0.4950452744960785,0.224514439702034,-0.4759475588798523,0.2553204298019409,-0.14101335406303406,0.3202500641345978,heart_635.png
0.6031720042228699,0.3192255198955536,-0.33156096935272217,-0.15158241987228394,0.03388286754488945,0.36701908707618713,heart_249.png
0.8428100943565369,0.28491345047950745,-0.33428311347961426,0.20243467390537262,0.15218469500541687,0.10660971701145172,heart_1170.png
0.3023761808872223,0.018835414201021194,-0.4793705940246582,0.02271423116326332,-0.3148859739303589,0.4494397044181824,heart_743.png
0.7857654094696045,-0.057956892997026443,-0.34429872035980225,-0.3370717465877533,-0.3142712116241455,0.05170116201043129,heart_559.png
0.5046321749687195,0.015073593705892563,-0.5914252400398254,-0.013986404985189438,-0.14860735833644867,0.3236234784126282,heart_83.png
0.7308849096298218,0.11067739129066467,-0.30637362599372864,0.24892865121364594,0.20124371349811554,0.11798287183046341,heart_285.png
0.7392733097076416,0.09050054848194122,-0.47122594714164734,-0.019906576722860336,0.02093532308936119,0.08996880799531937,heart_180.png
0.5545181632041931,0.02851376123726368,-0.3410549759864807,0.24177071452140808,-0.10060326755046844,0.24692247807979584,heart_303.png
0.6385306119918823,0.06620869040489197,-0.11331508308649063,-0.3344719409942627,0.17426757514476776,0.5988801717758179,heart_680.png
0.395011305809021,0.10600070655345917,-0.3651161193847656,-0.24513983726501465,-0.3853638172149658,0.37631407380104065,heart_569.png
0.42645326256752014,0.3396906554698944,-0.23752042651176453,0.5449941754341125,-0.05098703131079674,0.272097110748291,heart_676.png
0.35603371262550354,0.11408703029155731,-0.2989353835582733,-0.005737408995628357,-0.22508884966373444,0.4679940342903137,heart_49.png
0.6139616966247559,-0.006775651127099991,-0.5685265064239502,-0.27559763193130493,-0.1577216386795044,0.4152815639972687,heart_986.png
0.7110238075256348,0.4694323241710663,-0.48963066935539246,0.7731822729110718,0.2442380040884018,0.0420965738594532,heart_1197.png
0.647160530090332,0.19136111438274384,-0.5269543528556824,0.1952400803565979,0.14414137601852417,0.006460663862526417,heart_796.png
0.5823506116867065,0.40705958008766174,-0.6544655561447144,0.033737123012542725,-0.40104547142982483,0.0938125029206276,heart_36.png
0.8465555310249329,0.1844269037246704,-0.5037505626678467,0.1020539402961731,0.08196459710597992,0.0009688260033726692,heart_185.png
0.7061305642127991,0.21508653461933136,-0.5689011216163635,-0.06306065618991852,0.025000426918268204,0.06749840825796127,heart_805.png
0.3068161904811859,-0.005676541477441788,-0.535860538482666,0.010430935770273209,-0.541260838508606,0.41179585456848145,heart_851.png
0.36963316798210144,0.20706477761268616,-0.25934991240501404,-0.046804580837488174,-0.4447404444217682,0.2493053823709488,heart_230.png
0.7046009302139282,0.02484741434454918,-0.2632761001586914,0.051210690289735794,0.2158348262310028,0.47615668177604675,heart_678.png
0.33086109161376953,0.13116393983364105,-0.48098674416542053,0.0569707453250885,-0.3913070857524872,0.44573312997817993,heart_1108.png
0.4489078223705292,0.22311528027057648,-0.35461336374282837,-0.036463912576436996,-0.4484717845916748,0.3486296832561493,heart_653.png
0.5068754553794861,0.13142752647399902,-0.514089047908783,0.03700340911746025,-0.4975326657295227,0.07716059684753418,heart_406.png
0.6901662349700928,0.16062164306640625,-0.5707403421401978,0.16548460721969604,-0.048866380006074905,0.07803366333246231,heart_817.png
0.3788193464279175,0.09401209652423859,-0.5757854580879211,-0.3012564778327942,-0.17919209599494934,0.6279115080833435,heart_645.png
0.7866321802139282,0.1233271062374115,-0.4205314517021179,0.3022071421146393,0.020130138844251633,0.06804906576871872,heart_311.png
0.37696364521980286,-0.14174358546733856,-0.5272136330604553,-0.02253567799925804,-0.6535018682479858,0.3657703399658203,heart_988.png
0.47587326169013977,-0.010945547372102737,-0.542022168636322,-0.08734375238418579,-0.04471879079937935,0.46307820081710815,heart_471.png
0.5738946199417114,0.1954311728477478,-0.24602866172790527,0.054680194705724716,-0.1727648377418518,0.17180569469928741,heart_165.png
0.538575291633606,-0.06116959825158119,-0.42857450246810913,-0.11987319588661194,-0.5222643613815308,0.34248706698417664,heart_915.png
0.5416632890701294,-0.13800857961177826,-0.5371189713478088,0.3204321265220642,-0.172286257147789,0.34499797224998474,heart_862.png
0.42041221261024475,0.37944164872169495,-0.16891396045684814,-0.01851091906428337,-0.05611061677336693,0.4825315475463867,heart_92.png
0.48519596457481384,-0.11684754490852356,-0.14229676127433777,-0.0880647748708725,-0.1894119381904602,0.3617973327636719,heart_511.png
0.29785969853401184,0.06577745079994202,-0.5452515482902527,0.08787216246128082,-0.5018423795700073,0.3705004155635834,heart_342.png
0.4513623118400574,-0.011005844920873642,-0.5211931467056274,-0.2738472819328308,-0.16349788010120392,0.4623471796512604,heart_655.png
0.38886696100234985,0.11951883137226105,-0.49428409337997437,0.21794664859771729,-0.7522008419036865,0.3388465940952301,heart_838.png
0.23289459943771362,0.17422997951507568,-0.47457271814346313,-0.07526074349880219,-0.6168009638786316,0.4852984845638275,heart_536.png
0.5373897552490234,0.11420422792434692,-0.593530535697937,0.21347516775131226,0.07253111898899078,0.4339466392993927,heart_669.png
0.43541088700294495,0.13464438915252686,-0.580230712890625,0.003593806177377701,-0.11322341859340668,0.34800705313682556,heart_251.png
0.504393994808197,0.14261175692081451,-0.4825698733329773,-0.1558801829814911,-0.3120638132095337,0.4059213101863861,heart_510.png
0.6961718797683716,-0.057242024689912796,-0.4852643609046936,0.24318251013755798,-0.0027750693261623383,0.23511923849582672,heart_385.png
0.7044920921325684,0.2461564987897873,-0.18873557448387146,0.17783842980861664,0.15349264442920685,0.26328644156455994,heart_421.png
0.724189817905426,0.12024670839309692,-0.5799842476844788,0.10296683758497238,0.26939961314201355,0.1098710298538208,heart_694.png
0.6766080856323242,0.3098151981830597,-0.27727797627449036,0.16711148619651794,0.10141032934188843,0.29799726605415344,heart_1149.png
0.36002635955810547,-0.021435532718896866,-0.3936157524585724,-0.03773997351527214,-0.4958791732788086,0.4751717448234558,heart_762.png
0.680697500705719,0.11289156973361969,-0.7088690400123596,0.3794497847557068,-0.11317561566829681,0.2945467531681061,heart_371.png
0.3313157856464386,0.15656675398349762,-0.4581596851348877,-0.18927142024040222,-0.5149140357971191,0.4172880947589874,heart_661.png
0.6271362900733948,0.15987259149551392,-0.25333118438720703,-0.1029951274394989,0.02434704825282097,0.46987003087997437,heart_26.png
0.5970523357391357,0.31144392490386963,-0.41518425941467285,0.012308944016695023,-0.07957801222801208,0.2783542275428772,heart_194.png
0.46202194690704346,0.12230072915554047,-0.2590298652648926,0.09871888160705566,-0.51153165102005,0.37293747067451477,heart_909.png
0.633538544178009,0.31051748991012573,-0.856360673904419,0.056952014565467834,0.061973653733730316,0.10711967945098877,heart_1114.png
0.5599608421325684,0.34313616156578064,-0.13549423217773438,0.048596594482660294,-0.06019418314099312,0.3445567488670349,heart_1092.png
0.6188240051269531,0.269766241312027,-0.6068518757820129,0.2171693742275238,-0.19515669345855713,0.07598695158958435,heart_192.png
0.9097938537597656,0.12059514224529266,-0.42811617255210876,0.024400915950536728,0.1003028154373169,0.016721319407224655,heart_1016.png
0.5659892559051514,0.13010327517986298,-0.32685890793800354,0.12578967213630676,-0.023533139377832413,0.07630039006471634,heart_934.png
0.732961893081665,-0.06663590669631958,-0.4218112528324127,0.046153951436281204,-0.05331738665699959,0.4322034418582916,heart_1091.png
0.5818986296653748,0.017528921365737915,-0.4441397190093994,0.029045529663562775,-0.23957134783267975,0.42174288630485535,heart_744.png
0.5154587030410767,0.19014966487884521,-0.43233799934387207,-0.2826520800590515,-0.33594757318496704,0.16974127292633057,heart_178.png
0.47546011209487915,-0.039013709872961044,-0.28526851534843445,-0.15397974848747253,-0.3424817621707916,0.4304251968860626,heart_1123.png
0.6760787963867188,0.060987140983343124,-0.6494013667106628,0.06055218353867531,-0.03897355869412422,0.14738135039806366,heart_432.png
0.7747694253921509,0.15450358390808105,-0.2714884579181671,-0.1559578776359558,0.09040975570678711,0.08723043650388718,heart_280.png
0.5204387307167053,-0.04413839057087898,-0.5103732347488403,0.05028403177857399,-0.2737405300140381,0.45341914892196655,heart_873.png
0.38663730025291443,-0.03575924411416054,-0.43885573744773865,-0.31485024094581604,-0.17722004652023315,0.6275977492332458,heart_820.png
0.5716153383255005,0.3446466624736786,-0.47641104459762573,0.34398844838142395,-0.28487932682037354,0.10526823252439499,heart_340.png
0.5841165781021118,0.2686481177806854,-0.3813459277153015,-0.1719682663679123,-0.22602994740009308,0.40287330746650696,heart_555.png
0.7186413407325745,0.17399559915065765,-0.5741954445838928,0.05860069766640663,-0.17400000989437103,0.21894225478172302,heart_80.png
0.9250600934028625,0.04785802587866783,-0.6394566297531128,0.17120905220508575,0.44197821617126465,-0.050296600908041,heart_297.png
0.274811714887619,0.11767131090164185,-0.6019352674484253,0.22139598429203033,-0.458593487739563,0.4922216832637787,heart_307.png
0.7310773134231567,-0.05052335932850838,-0.4320873022079468,0.30082792043685913,0.04577255994081497,0.33768779039382935,heart_716.png
0.3332802951335907,0.07249808311462402,-0.497816264629364,-0.198078453540802,-0.6567246913909912,0.31409019231796265,heart_95.png
0.7013784646987915,0.3557104468345642,-0.43739810585975647,-0.2290676236152649,-0.14904503524303436,0.16399550437927246,heart_64.png
0.4576158821582794,0.18890926241874695,-0.3953232765197754,-0.2235168218612671,-0.16164477169513702,0.24453218281269073,heart_533.png
0.5392290949821472,-0.04467597231268883,-0.40087154507637024,-0.014376338571310043,-0.12798281013965607,0.44532403349876404,heart_38.png
0.5488135814666748,-0.03498416766524315,-0.4677099883556366,0.20270980894565582,-0.1244397759437561,0.375428706407547,heart_255.png
0.24066388607025146,-0.08431796729564667,-0.4645231068134308,-0.40329810976982117,-0.5280402302742004,0.6316562294960022,heart_39.png
0.8857579231262207,0.12415111064910889,-0.24227291345596313,-0.23018336296081543,0.01992800459265709,0.022354256361722946,heart_119.png
0.5347681641578674,0.11632244288921356,-0.19817081093788147,-0.18794062733650208,-0.29971784353256226,0.4825768768787384,heart_1071.png
0.4993934631347656,-0.036511730402708054,-0.5059476494789124,-0.07519914209842682,-0.7205662727355957,0.3952040374279022,heart_594.png
0.3735043406486511,0.17628955841064453,-0.40274524688720703,0.13641124963760376,0.03600230813026428,0.4054621160030365,heart_335.png
0.45535579323768616,0.07435688376426697,-0.5269113779067993,0.11640264093875885,-0.3778665363788605,0.2746448218822479,heart_375.png
0.6066893935203552,0.07650251686573029,-0.4481458365917206,-0.04201091453433037,0.09365209937095642,0.24570240080356598,heart_56.png
0.6000405550003052,-0.018828343600034714,-0.5378227829933167,0.09705199301242828,-0.4047073721885681,0.2605609893798828,heart_1084.png
0.6110807061195374,0.18394571542739868,-0.6658564805984497,0.0024146996438503265,0.21451342105865479,0.10363202542066574,heart_650.png
0.36825862526893616,0.3371465802192688,-0.190883070230484,0.02015334740281105,-0.11870847642421722,0.44672897458076477,heart_211.png
0.892252504825592,-0.12081359326839447,0.06865863502025604,-0.06289766728878021,-0.31366491317749023,0.3641890585422516,heart_648.png
0.9125070571899414,0.10034063458442688,-0.11220297962427139,-0.2933502793312073,-0.1568707376718521,-0.0893670842051506,heart_705.png
0.5524601340293884,-0.16517958045005798,-0.5411158204078674,0.19783663749694824,-0.4937538504600525,0.3008768558502197,heart_268.png
0.7673002481460571,0.08491645753383636,-0.14136585593223572,-0.30374962091445923,-0.12549956142902374,0.16036947071552277,heart_754.png
0.6888692378997803,0.0826936736702919,-0.06558626890182495,0.0032393597066402435,-0.34112322330474854,0.3449462056159973,heart_579.png
0.44202888011932373,-0.07386009395122528,-0.44777676463127136,-0.12077325582504272,-0.3411007523536682,0.6248942613601685,heart_933.png
0.6136233806610107,0.08279307186603546,-0.6379050612449646,0.3758366107940674,-0.04858340695500374,0.31586652994155884,heart_748.png
0.5686075687408447,0.07925203442573547,-0.2543468773365021,0.17572085559368134,-0.30761659145355225,0.15744170546531677,heart_767.png
0.46925732493400574,0.06675715744495392,-0.5536113381385803,-0.14013715088367462,-0.37752285599708557,0.2220773994922638,heart_394.png
0.39510318636894226,0.2057945877313614,-0.27013644576072693,0.16357024013996124,0.03974977508187294,0.3566169738769531,heart_928.png
0.6604887843132019,0.04133572429418564,-0.5186132788658142,0.16201220452785492,0.0820302814245224,0.21026749908924103,heart_361.png
0.3651917576789856,0.14409798383712769,-0.3711143136024475,-0.014656808227300644,-0.48904091119766235,0.30989667773246765,heart_252.png
0.4951470196247101,0.022672589868307114,-0.514677107334137,-0.34971925616264343,-0.16064782440662384,0.6024145483970642,heart_1036.png
0.3077939450740814,-0.006528045982122421,-0.5290379524230957,-0.20316526293754578,-0.5079503655433655,0.5021541714668274,heart_333.png
0.43925461173057556,0.21936051547527313,-0.2882024943828583,-0.23402532935142517,-0.6065215468406677,0.3046077787876129,heart_592.png
0.45419788360595703,-0.03250889107584953,-0.6224604845046997,0.07882547378540039,0.16677334904670715,0.3874397277832031,heart_666.png
0.46247434616088867,0.37522977590560913,-0.28925344347953796,-0.14848026633262634,-0.32226383686065674,0.29880568385124207,heart_213.png
0.4905368983745575,0.03316713497042656,-0.49794143438339233,-0.1679423600435257,-0.16213621199131012,0.4783058166503906,heart_162.png
0.326911985874176,-0.059483837336301804,-0.5185957551002502,-0.0970463901758194,-0.6269683241844177,0.4035494923591614,heart_299.png
0.41537246108055115,0.07072910666465759,-0.6832993626594543,-0.25244805216789246,-0.14791497588157654,0.5097360610961914,heart_775.png
0.6274309754371643,0.10395123064517975,-0.6920925974845886,-0.06637825071811676,0.007670490071177483,0.279020220041275,heart_75.png
0.38127630949020386,0.19237393140792847,-0.2810114622116089,0.016414392739534378,-0.4914017915725708,0.4139929711818695,heart_200.png
0.405428946018219,0.207975834608078,-0.5770447850227356,0.22697314620018005,-0.5855911374092102,0.31073737144470215,heart_699.png
0.2480539083480835,0.1810520440340042,-0.6218965649604797,0.1926172375679016,-0.1803809553384781,0.30317777395248413,heart_1067.png
0.5704444646835327,0.2461729645729065,-0.45389094948768616,-0.1528172492980957,-0.13321948051452637,0.4122902750968933,heart_146.png
0.5444413423538208,0.21634066104888916,-0.5543153882026672,-0.1038794219493866,-0.03458745405077934,0.17071837186813354,heart_687.png
0.6315910220146179,0.012304428964853287,-0.3138488829135895,0.0031640268862247467,-0.015234772115945816,0.33495327830314636,heart_319.png
0.5627673268318176,0.23259088397026062,-0.6705039739608765,0.09792560338973999,-0.35366493463516235,0.2143522948026657,heart_232.png
0.27588340640068054,0.24932709336280823,-0.3494761288166046,-0.027817193418741226,-0.17832119762897491,0.4460560083389282,heart_484.png
0.6155997514724731,-0.2182905077934265,-0.293224036693573,0.022392068058252335,-0.363137811422348,0.3865196406841278,heart_500.png
0.5766648054122925,0.15788500010967255,-0.5902571082115173,0.12891535460948944,-0.01838213950395584,0.24981285631656647,heart_897.png
0.7641432881355286,0.29129400849342346,-0.8865004777908325,0.19035157561302185,-0.01959305629134178,-0.05983288213610649,heart_1005.png
0.4572795033454895,0.10209698975086212,-0.31427502632141113,-0.08878462016582489,0.25845572352409363,0.4584791958332062,heart_1002.png
0.6948400139808655,0.032302770763635635,-0.2003869116306305,-0.37651538848876953,-0.06698107719421387,0.4717825949192047,heart_1094.png
0.425935298204422,0.1650388538837433,-0.469790518283844,0.22659748792648315,-0.05542950704693794,0.4256138801574707,heart_68.png
0.7106795907020569,0.1486177295446396,-0.3785076141357422,0.2943525016307831,-0.22137591242790222,0.011711199767887592,heart_667.png
0.4721362590789795,0.27694636583328247,-0.5533287525177002,0.056052085012197495,-0.3058123290538788,0.2789847254753113,heart_463.png
0.8264560103416443,-0.10167741775512695,-0.5363055467605591,0.04965141788125038,-0.03985530510544777,0.07710246741771698,heart_776.png
0.7231825590133667,0.08729120343923569,-0.584888756275177,0.06726676225662231,0.035490892827510834,0.22128088772296906,heart_593.png
0.35980895161628723,0.0431959442794323,-0.30443570017814636,0.25347357988357544,-0.28876879811286926,0.5517817139625549,heart_483.png
0.40188777446746826,-0.03537547215819359,-0.5447247624397278,-0.015343647450208664,-0.34564241766929626,0.6199842691421509,heart_238.png
0.8033406734466553,0.13499510288238525,-0.3183826208114624,0.39059725403785706,0.013632271438837051,0.16415151953697205,heart_228.png
1.03859281539917,-0.0677374005317688,-0.44481638073921204,0.12296546995639801,-0.3653310239315033,0.17916321754455566,heart_824.png
0.5164807438850403,-0.04301019385457039,-0.21212130784988403,0.28803327679634094,-0.2944340705871582,0.07690437883138657,heart_847.png
0.3804510533809662,0.10520504415035248,-0.291070818901062,-0.3077278137207031,-0.40640395879745483,0.49873092770576477,heart_58.png
0.3147953450679779,0.182623028755188,-0.5489472150802612,-0.17613644897937775,-0.3359581232070923,0.2798532545566559,heart_602.png
0.4612254798412323,-0.12351258099079132,-0.41415080428123474,0.15294857323169708,-0.47819215059280396,0.5112144947052002,heart_175.png
0.297067791223526,0.03217009827494621,-0.373990535736084,-0.1759984791278839,-0.40184953808784485,0.49799373745918274,heart_1086.png
0.2960372269153595,0.13406866788864136,-0.5926796197891235,-0.12810680270195007,-0.2504930794239044,0.38941332697868347,heart_717.png
0.796012282371521,0.19967423379421234,-0.22608616948127747,-0.16623370349407196,-0.5398179292678833,0.08020628243684769,heart_790.png
0.3358801305294037,-0.09891673922538757,-0.572510302066803,0.2083698958158493,-0.4706656038761139,0.36647018790245056,heart_1152.png
0.44109317660331726,0.29377099871635437,-0.6118090152740479,0.07620690762996674,-0.40463802218437195,0.17314250767230988,heart_378.png
0.5838895440101624,0.14364589750766754,-0.6146400570869446,0.04934743791818619,0.03773099184036255,0.13885147869586945,heart_742.png
0.8177182674407959,0.016856428235769272,-0.09241869300603867,-0.2358529269695282,-0.1828705221414566,0.518134593963623,heart_874.png
0.6075539588928223,0.257662296295166,-0.44768011569976807,-0.16537314653396606,0.14014017581939697,0.13658490777015686,heart_1172.png
0.637065589427948,0.05192193388938904,-0.023951224982738495,-0.09372490644454956,-0.4993830919265747,0.3681529462337494,heart_827.png
0.5291441679000854,0.03082009218633175,-0.007870813831686974,-0.21931645274162292,-0.20555371046066284,0.5324203968048096,heart_1001.png
0.2924591600894928,0.07094035297632217,-0.3351973295211792,0.27554482221603394,-0.15734250843524933,0.3734841048717499,heart_472.png
0.4797631502151489,-0.17960810661315918,-0.43960466980934143,-0.13478298485279083,-0.6480259299278259,0.3444179892539978,heart_893.png
0.45316264033317566,0.11131632328033447,-0.17275509238243103,-0.07378575205802917,-0.26612234115600586,0.5875368118286133,heart_866.png
0.768917441368103,0.051483310759067535,-0.2686462104320526,-0.2170223593711853,0.050598666071891785,0.18559792637825012,heart_1060.png
0.5011002421379089,-0.012631867080926895,-0.22580456733703613,0.20034436881542206,-0.33636361360549927,0.39178356528282166,heart_291.png
0.582400381565094,0.22764696180820465,-0.5640242099761963,0.8371642827987671,0.19377920031547546,-0.04776870086789131,heart_982.png
0.5068033933639526,-0.008982118219137192,-0.52381432056427,-0.019175808876752853,-0.36017680168151855,0.3409987688064575,heart_529.png
0.4741817116737366,0.2599651515483856,-0.29085326194763184,0.1393875777721405,0.18974055349826813,0.3710057735443115,heart_927.png
0.7998239994049072,0.0895189642906189,-0.325895220041275,0.30841219425201416,-0.1847710758447647,-0.11034400016069412,heart_736.png
0.4192171096801758,0.014099188148975372,-0.5393707156181335,-0.03549415245652199,-0.33868882060050964,0.3431331515312195,heart_339.png
0.5920694470405579,0.022989537566900253,-0.27403146028518677,0.2962103486061096,-0.08906875550746918,0.32204023003578186,heart_1136.png
0.35638299584388733,0.08372810482978821,-0.37281277775764465,-0.027118053287267685,-0.3307017385959625,0.4725375473499298,heart_798.png
0.4832817614078522,0.03637067601084709,-0.13607677817344666,-0.05724917724728584,-0.4435368478298187,0.2534964978694916,heart_1130.png
0.513202428817749,0.3865455389022827,-0.6052705645561218,0.09340859949588776,-0.21218754351139069,0.21074837446212769,heart_246.png
0.4689995050430298,0.18604132533073425,-0.30643177032470703,-0.1305645853281021,-0.4187178611755371,0.4345516264438629,heart_1042.png
0.48448678851127625,-0.04404868558049202,-0.3068455457687378,-0.3848012685775757,-0.4253910779953003,0.4486221671104431,heart_828.png
0.7959176301956177,-0.16119161248207092,0.09243025630712509,0.014579836279153824,-0.1919800192117691,0.10197217017412186,heart_469.png
0.4704762399196625,-0.05952620133757591,-0.46219250559806824,-0.08589428663253784,-0.5339184999465942,0.4100041389465332,heart_692.png
0.4287414848804474,0.18676705658435822,-0.48162978887557983,0.060457292944192886,-0.6612939834594727,0.29035520553588867,heart_416.png
0.6251186728477478,-0.02508433535695076,-0.5519339442253113,0.2797742486000061,0.04316551238298416,0.21778815984725952,heart_98.png
0.5489541292190552,0.1350102722644806,-0.5852711200714111,0.09672126173973083,-0.13095258176326752,0.16089069843292236,heart_360.png
0.37230968475341797,0.11846752464771271,-0.3165213465690613,0.10953418910503387,-0.20396707952022552,0.5789873003959656,heart_85.png
0.4429897665977478,0.20668315887451172,-0.5053800940513611,0.023385602980852127,0.010322477668523788,0.3186660706996918,heart_1199.png
0.4001675546169281,0.2822352945804596,-0.42928212881088257,-0.09979799389839172,-0.48467928171157837,0.26652607321739197,heart_369.png
0.4177984893321991,0.23765896260738373,-0.43154656887054443,-0.011199068278074265,-0.2776368260383606,0.1672171652317047,heart_1050.png
0.4858095645904541,0.03904271125793457,-0.3523351550102234,-0.1288847029209137,-0.523685097694397,0.43696942925453186,heart_910.png
0.6840224266052246,0.5024290680885315,-0.23294827342033386,0.0939902514219284,0.20915307104587555,0.182150736451149,heart_1161.png
0.5586786270141602,-0.049089718610048294,-0.43910542130470276,0.17763306200504303,-0.3162355124950409,0.22227679193019867,heart_135.png
0.47090211510658264,0.013132575899362564,-0.4042196571826935,-0.3548029661178589,-0.34103840589523315,0.4645058810710907,heart_763.png
0.5335808396339417,0.191367506980896,-0.791146993637085,0.06247507780790329,0.04858694225549698,0.023076273500919342,heart_349.png
1.0360496044158936,-0.010992798954248428,-0.5609006881713867,-0.42248421907424927,-0.11752563714981079,0.1254911720752716,heart_182.png
0.8910423517227173,0.18501298129558563,-0.47948741912841797,0.026114679872989655,-0.28332802653312683,-0.07389165461063385,heart_577.png
0.3453572988510132,0.1530369520187378,-0.6712184548377991,-0.0034940652549266815,-0.657734751701355,0.38494548201560974,heart_172.png
0.36911943554878235,0.02707202360033989,-0.5453551411628723,0.1179300993680954,-0.6575745940208435,0.22221674025058746,heart_426.png
0.3211606442928314,-0.14092114567756653,-0.4964679181575775,-0.0991300642490387,-0.530267059803009,0.5392282009124756,heart_112.png
0.7270885705947876,0.21274413168430328,-0.18598869442939758,-0.16462968289852142,-0.2565362751483917,0.1523762196302414,heart_882.png
0.4599131643772125,0.45292696356773376,-0.47057098150253296,0.14515320956707,-0.2742256224155426,0.210287943482399,heart_35.png
0.48727846145629883,0.023609081283211708,-0.3833819329738617,0.039351098239421844,-0.6557527184486389,0.4105169475078583,heart_1093.png
0.7348023653030396,0.22128450870513916,-0.1954437792301178,-0.12843114137649536,-0.08396755158901215,0.27372869849205017,heart_623.png
0.5027040243148804,0.1528771072626114,-0.4985937476158142,-0.15357619524002075,-0.4799778461456299,0.4051967263221741,heart_74.png
0.41331538558006287,0.05677894875407219,-0.3092834949493408,-0.03881388530135155,-0.20282623171806335,0.3296765387058258,heart_497.png
0.4661465883255005,-0.08388428390026093,-0.4070122241973877,0.08102282881736755,-0.26306024193763733,0.4584522843360901,heart_4.png
0.41028958559036255,0.002388637512922287,-0.5169655680656433,-0.15720200538635254,-0.5816242694854736,0.39440420269966125,heart_1142.png
0.6324098706245422,0.14782586693763733,-0.5014164447784424,-0.5125280022621155,-0.3678661286830902,0.2012215107679367,heart_766.png
0.5377635955810547,0.16583064198493958,-0.5144199728965759,-0.09943652153015137,-0.11456887423992157,0.26603761315345764,heart_962.png
0.5552846193313599,-0.12899476289749146,-0.4761994779109955,-0.453875869512558,-0.3157615661621094,0.3954066038131714,heart_704.png
0.522746205329895,0.27555811405181885,-0.8848588466644287,0.3678142726421356,-0.2943124771118164,0.259937584400177,heart_271.png
0.37636488676071167,0.08062656968832016,-0.5318304300308228,-0.10927911102771759,-0.11036808788776398,0.5085130929946899,heart_87.png
0.4268035292625427,-0.01567200943827629,-0.5063444375991821,-0.2845360040664673,-0.2454206496477127,0.49216535687446594,heart_3.png
0.564877450466156,0.22323738038539886,-0.3011137843132019,-0.1418083906173706,-0.24039752781391144,0.38002899289131165,heart_171.png
0.8101901412010193,0.1306818425655365,-0.36661189794540405,0.2513817548751831,-0.11482666432857513,0.17357611656188965,heart_973.png
0.41378533840179443,-0.020274732261896133,-0.4606093466281891,-0.0321190245449543,-0.38208478689193726,0.6031638979911804,heart_518.png
0.5876220464706421,0.08346065878868103,-0.5924501419067383,-0.04106227681040764,-0.4392072856426239,0.262858122587204,heart_956.png
0.562161386013031,0.26616138219833374,-0.3397267758846283,-0.06512457132339478,-0.049869026988744736,0.28349125385284424,heart_538.png
0.4507473409175873,0.21008999645709991,-0.1486501395702362,0.07206515967845917,-0.2552497982978821,0.48845067620277405,heart_292.png
0.36315155029296875,0.29218360781669617,-0.7271053791046143,0.000882316380739212,-0.12216220796108246,0.3560659885406494,heart_945.png
0.2493867725133896,-0.009569361805915833,-0.4215465188026428,-0.31052064895629883,-0.4385453462600708,0.6495904922485352,heart_447.png
0.7627148628234863,0.16202305257320404,-0.31741097569465637,-0.20018191635608673,-0.2135476917028427,0.27776071429252625,heart_46.png
0.552990734577179,0.032898176461458206,-0.32608354091644287,-0.13489766418933868,-0.513036847114563,0.2913776934146881,heart_12.png
0.5647463798522949,-0.026000607758760452,-0.5486750602722168,0.25657957792282104,-0.3470734655857086,0.33531448245048523,heart_116.png
0.8151470422744751,-0.09584331512451172,-0.30102741718292236,-0.1531524807214737,-0.26912036538124084,0.29989495873451233,heart_726.png
0.47840699553489685,0.2765364944934845,-0.21836012601852417,-0.15772885084152222,-0.21235541999340057,0.31851089000701904,heart_1125.png
0.5360274314880371,0.15332859754562378,-0.34725049138069153,0.08340956270694733,-0.3249456286430359,0.11875476688146591,heart_788.png
0.42790487408638,-0.04140124097466469,-0.40360021591186523,-0.006123136729001999,-0.43791449069976807,0.1910048872232437,heart_989.png
0.5268458127975464,-0.025776933878660202,-0.5559349060058594,0.0849417895078659,-0.2777167558670044,0.44893917441368103,heart_761.png
0.5420023798942566,0.2598916292190552,-0.4393725097179413,0.14324259757995605,-0.33532917499542236,0.29848262667655945,heart_696.png
0.5786718726158142,0.07737401127815247,-0.2184034287929535,-0.25925880670547485,0.038802649825811386,0.41898396611213684,heart_916.png
0.6010167002677917,0.6384265422821045,-0.469404011964798,0.4035141170024872,-0.2494046539068222,-0.0006560897454619408,heart_353.png
0.35726168751716614,-0.005603555589914322,-0.5187225341796875,-0.22832173109054565,-0.42904096841812134,0.5588717460632324,heart_1192.png
0.5699313879013062,0.11996987462043762,-0.2947283685207367,0.21191208064556122,-0.32054099440574646,0.27143314480781555,heart_468.png
0.6093565821647644,0.0386611633002758,-0.6735365986824036,0.16274762153625488,0.13288256525993347,0.13619942963123322,heart_107.png
0.31161296367645264,0.04805081710219383,-0.5287744402885437,-0.09667322039604187,-0.45740193128585815,0.4444922208786011,heart_405.png
0.5698227882385254,0.2846415936946869,-0.45131760835647583,-0.0004696063697338104,-0.08533032238483429,0.1573023796081543,heart_70.png
0.24092316627502441,0.2550525963306427,-0.21929144859313965,0.17631061375141144,-0.07725785672664642,0.5971683859825134,heart_312.png
0.5331960916519165,0.012611571699380875,-0.4869377315044403,-0.08970770239830017,-0.016248483210802078,0.444139689207077,heart_206.png
0.977050244808197,0.13820700347423553,-0.5377252697944641,0.12930376827716827,0.12188833951950073,-0.1653176099061966,heart_914.png
0.9189789295196533,0.02430316060781479,-0.5089250802993774,-0.08191198110580444,-0.1416826695203781,0.19801419973373413,heart_541.png
0.35322874784469604,0.07635235786437988,-0.5703035593032837,0.05102168768644333,-0.23990903794765472,0.3477526605129242,heart_96.png
0.5036707520484924,-0.046115804463624954,-0.44763505458831787,-0.1048889309167862,-0.6200308799743652,0.334086149930954,heart_91.png
0.6028879284858704,0.10834123194217682,-0.4570465087890625,0.3074371814727783,-0.08851224184036255,0.08332415670156479,heart_967.png
0.36432793736457825,-0.03651838377118111,-0.5535439252853394,-0.05345788225531578,-0.3496415615081787,0.3898608982563019,heart_1080.png
0.3212234079837799,0.021827956661581993,-0.4053688943386078,-0.03492708131670952,-0.5822125673294067,0.37925779819488525,heart_437.png
0.6592928171157837,0.022439800202846527,-0.18865296244621277,-0.21312391757965088,0.017527367919683456,0.3899342715740204,heart_73.png
0.5949817299842834,0.19611641764640808,-0.34273239970207214,-0.2507322132587433,-0.14078357815742493,0.22311198711395264,heart_630.png
0.8519264459609985,0.22706447541713715,-0.3301785886287689,0.29669705033302307,0.09273411333560944,-0.01650835946202278,heart_34.png
0.9696860313415527,0.08774346113204956,-0.6919868588447571,0.15984104573726654,0.02235821820795536,0.09822335839271545,heart_780.png
0.3071672022342682,0.04466661065816879,-0.4697144627571106,-0.15105512738227844,-0.30337435007095337,0.4539983868598938,heart_1012.png
0.6407291293144226,0.10708080232143402,-0.16402572393417358,0.2638607323169708,-0.4703241288661957,0.22028349339962006,heart_930.png
0.5267432332038879,0.3311821520328522,-0.7543805837631226,-0.339726984500885,-0.20301006734371185,0.11201920360326767,heart_1185.png
0.47313734889030457,0.04495522379875183,-0.4785425364971161,-0.2616848647594452,-0.4131251573562622,0.403291255235672,heart_443.png
0.44812044501304626,-0.1143161952495575,-0.3548640012741089,-0.15391668677330017,-0.4789697527885437,0.4772527515888214,heart_372.png
0.5608493089675903,0.02899973839521408,-0.48953157663345337,-0.05930682644248009,-0.0857444554567337,0.3113599717617035,heart_875.png
0.6754006147384644,0.31383734941482544,-0.49482327699661255,-0.03548267111182213,-0.14391767978668213,0.04453020170331001,heart_519.png
0.8423932194709778,0.13415905833244324,-0.2113010585308075,-0.2609604001045227,-0.039824943989515305,0.24699707329273224,heart_670.png
0.2974276840686798,0.06741762161254883,-0.5711722373962402,-0.03566617891192436,-0.6300575137138367,0.37064722180366516,heart_121.png
0.4791644215583801,0.13660834729671478,-0.6395372748374939,0.08795270323753357,-0.18450568616390228,0.25295326113700867,heart_859.png
0.6089190244674683,0.04548698291182518,-0.26880306005477905,-0.14624078571796417,-0.30912089347839355,0.27768826484680176,heart_321.png
1.0327796936035156,-0.027436260133981705,-0.4463309049606323,-0.40325358510017395,-0.2999776601791382,0.04914316534996033,heart_864.png
0.6414308547973633,0.31353554129600525,-0.42321154475212097,0.5056463479995728,0.12240321934223175,-0.059767600148916245,heart_861.png
0.6256777048110962,0.32683447003364563,-0.5357326865196228,0.08053499460220337,-0.2991047501564026,0.08458206802606583,heart_5.png
0.6615971922874451,0.2979801297187805,-0.5350854992866516,-0.20978200435638428,-0.08936604857444763,0.43892285227775574,heart_354.png
0.4572816491127014,0.2909071445465088,-0.5079311728477478,0.5006001591682434,-0.3960787355899811,0.22142109274864197,heart_425.png
0.6297818422317505,0.05651023983955383,-0.21655592322349548,0.25142309069633484,-0.341269314289093,0.2635616660118103,heart_1195.png
0.3979032635688782,-0.04111246392130852,-0.43992456793785095,-0.22496014833450317,-0.6365188360214233,0.4513399004936218,heart_120.png
0.3785095512866974,0.12444847822189331,-0.6618314981460571,0.1342674046754837,-0.4414587616920471,0.2889322340488434,heart_29.png
0.37442922592163086,0.18397174775600433,-0.48781460523605347,-0.252678781747818,-0.36837252974510193,0.3342769742012024,heart_218.png
0.38319897651672363,0.27152758836746216,-0.12125114351511002,0.21967406570911407,-0.04422052577137947,0.4117964208126068,heart_370.png
0.45623698830604553,0.4562082290649414,-0.7474341988563538,0.041762031614780426,-0.2773478329181671,0.27746766805648804,heart_768.png
0.5587687492370605,0.017785940319299698,-0.5498722195625305,0.14961576461791992,-0.006542447954416275,0.3016711175441742,heart_390.png
0.2787210941314697,0.12246884405612946,-0.5955489873886108,-0.35465607047080994,-0.1969444453716278,0.5285634994506836,heart_224.png
0.2957797646522522,0.32834646105766296,-0.4333767890930176,0.13725970685482025,-0.47842633724212646,0.36434054374694824,heart_173.png
0.7309067249298096,0.516406238079071,-0.6017893552780151,0.18287698924541473,-0.04656403139233589,0.04041004553437233,heart_359.png
0.3014035224914551,0.46004027128219604,-0.5422080755233765,0.080834299325943,-0.00564153864979744,0.4337586462497711,heart_552.png
0.3638586103916168,0.15185540914535522,-0.731078028678894,0.08066630363464355,-0.46464258432388306,0.3089805543422699,heart_677.png
0.26112762093544006,0.3459640145301819,-0.43037521839141846,-0.19267195463180542,-0.5312696099281311,0.41668614745140076,heart_446.png
0.34966713190078735,0.07931355386972427,-0.42244312167167664,-0.015270207077264786,-0.5925095081329346,0.4743414521217346,heart_350.png
0.49993255734443665,-0.08949440717697144,-0.38320693373680115,-0.04015729948878288,-0.6352800130844116,0.3604823052883148,heart_1023.png
0.3323752284049988,0.02743510529398918,-0.3771708607673645,-0.3588815927505493,-0.2270204871892929,0.4566363990306854,heart_485.png
0.30179786682128906,0.2852335274219513,-0.5557670593261719,0.07174229621887207,-0.2662416100502014,0.3445712625980377,heart_122.png
0.4298470914363861,-0.09937584400177002,-0.5099484920501709,0.031529784202575684,-0.4166455566883087,0.3054676353931427,heart_562.png
0.9164617657661438,0.08987389504909515,-0.49708789587020874,-0.011057477444410324,-0.15720084309577942,-0.07325524836778641,heart_161.png
0.6133679151535034,0.36120107769966125,-0.36550819873809814,-0.12125985324382782,-0.15298134088516235,0.28294089436531067,heart_545.png
0.3128546178340912,0.40861278772354126,-0.35463643074035645,0.310975581407547,-0.16645032167434692,0.3339511454105377,heart_48.png
0.5886487364768982,0.027033232152462006,-0.40817514061927795,-0.11222988367080688,-0.07825256884098053,0.25945839285850525,heart_1191.png
0.35709211230278015,0.027641627937555313,-0.6587169170379639,-0.32870981097221375,-0.2922024726867676,0.47845184803009033,heart_520.png
0.46867820620536804,0.20777727663516998,-0.09533604234457016,-0.10107459127902985,-0.2896565794944763,0.5493855476379395,heart_1030.png
0.3567669093608856,0.06410132348537445,-0.5316523313522339,-0.010779362171888351,-0.6245183944702148,0.3831076920032501,heart_399.png
0.4909500479698181,0.1211988627910614,-0.31980785727500916,-0.03948703035712242,-0.3843049108982086,0.34934520721435547,heart_607.png
0.4407055079936981,0.07049475610256195,-0.4477384686470032,-0.2330380082130432,-0.6545329093933105,0.3562779724597931,heart_1074.png
0.471447616815567,0.3383930027484894,-0.18958282470703125,0.06714888662099838,-0.2712956964969635,0.42167890071868896,heart_803.png
0.4755967855453491,-0.09036505222320557,-0.32881468534469604,-0.1036074161529541,-0.38763976097106934,0.5301785469055176,heart_992.png
0.4238581657409668,-0.07322737574577332,-0.46573907136917114,-0.09792126715183258,-0.3826538920402527,0.5485132336616516,heart_191.png
0.63865065574646,0.39788633584976196,-0.6116530895233154,0.09088358283042908,0.22064106166362762,0.33745017647743225,heart_907.png
0.7407809495925903,0.14890331029891968,-0.3738376498222351,-0.06577043235301971,0.024953721091151237,0.28486451506614685,heart_810.png
0.6709151864051819,0.09151116013526917,-0.14153152704238892,-0.23536556959152222,-0.26949748396873474,0.5119677782058716,heart_516.png
0.7537460327148438,0.2706957459449768,-0.9717706441879272,0.38443970680236816,0.32783758640289307,-0.07472311705350876,heart_143.png
0.3691430389881134,0.03952152281999588,-0.41891661286354065,-0.04780345782637596,-0.48455631732940674,0.4556887447834015,heart_496.png
0.6505919694900513,0.23150835931301117,-0.6007353663444519,0.308012455701828,0.19238317012786865,0.20394177734851837,heart_202.png
0.4940298795700073,0.14651471376419067,-0.011544905602931976,0.03874460235238075,-0.3145847022533417,0.3030889630317688,heart_963.png
0.5947535037994385,-0.02323383092880249,-0.5641852617263794,0.302170068025589,-0.4134517014026642,0.21633800864219666,heart_293.png
0.4754207730293274,0.21023964881896973,-0.17452698945999146,-0.03643391653895378,-0.12057171761989594,0.30008411407470703,heart_1019.png
0.5911789536476135,0.29632413387298584,-0.6455755829811096,-0.046897683292627335,-0.34148985147476196,0.25595688819885254,heart_617.png
0.6344790458679199,-0.14125165343284607,-0.3728320002555847,0.01444721594452858,-0.6491219997406006,0.41841384768486023,heart_1110.png
0.6719403266906738,-0.11376184225082397,-0.4398169219493866,-0.07022267580032349,-0.5732579827308655,0.26913729310035706,heart_1100.png
0.5085809826850891,0.28603360056877136,-0.6455912590026855,-0.10141313076019287,0.020324405282735825,0.31691500544548035,heart_773.png
0.47970274090766907,0.3018014430999756,-0.12040472775697708,0.2839302122592926,-0.0563524030148983,0.2649516761302948,heart_355.png
0.642004132270813,0.02632277086377144,-0.4942457675933838,0.0036013461649417877,-0.28300583362579346,0.18851493299007416,heart_195.png
0.5289730429649353,-0.00042871758341789246,-0.41700279712677,0.41254448890686035,-0.6016818284988403,0.1727605015039444,heart_464.png
0.8353854417800903,0.3458937704563141,-0.3115485906600952,0.30680564045906067,0.2241930216550827,0.0012548314407467842,heart_400.png
0.7705750465393066,-0.04353852942585945,-0.25933292508125305,0.2370092123746872,-0.5501516461372375,0.04733565077185631,heart_240.png
0.7913391590118408,-0.05331667140126228,-0.3238835036754608,0.1119743287563324,-0.4281569719314575,0.18067239224910736,heart_237.png
0.41006743907928467,0.15124459564685822,-0.48742321133613586,-0.16455523669719696,-0.25432536005973816,0.33566704392433167,heart_985.png
0.4031745493412018,0.09602628648281097,-0.4922855496406555,0.093343585729599,-0.2557598948478699,0.3059293329715729,heart_698.png
0.6860261559486389,0.23755641281604767,-0.2685612440109253,0.11013065278530121,-0.07397431135177612,0.05882057920098305,heart_1128.png
0.6529681086540222,0.2224719375371933,-0.16088613867759705,-0.026369374245405197,-0.5172315835952759,0.033170606940984726,heart_158.png
0.4588409662246704,0.21517978608608246,-0.29182201623916626,-0.0799957811832428,-0.28632545471191406,0.27325212955474854,heart_1011.png
0.2977583110332489,0.1532531976699829,-0.43862980604171753,0.02156350389122963,-0.7347934246063232,0.4222778379917145,heart_302.png
0.8460953831672668,-0.033331748098134995,-0.27485862374305725,0.40666070580482483,-0.40325942635536194,-0.13136489689350128,heart_414.png
0.7184268832206726,0.41179540753364563,-0.38756072521209717,0.12225902080535889,0.33855298161506653,0.0805315300822258,heart_1041.png
0.48607873916625977,0.07365655899047852,-0.4692753851413727,0.01610778272151947,-0.14019715785980225,0.30717819929122925,heart_1065.png
0.778998613357544,-0.04979932680726051,-0.3471914529800415,0.3480731248855591,-0.3991689085960388,0.23870211839675903,heart_373.png
0.5523352026939392,0.3061956763267517,-0.5454027652740479,0.4378770589828491,-0.06550131738185883,0.05844691023230553,heart_512.png
0.4726385176181793,0.15039493143558502,-0.20052969455718994,0.025789622217416763,-0.23351816833019257,0.265481173992157,heart_314.png
